first_name,last_name,email,company,job_title,linkedin_url,notes,persona,priority,status,email_subject,email_body,score,response_category,email_sent_at
Aisha,Rahman,aisha.rahman@example.com,NovaSoft,CTO,https://www.linkedin.com/in/aisharahman,Scaling platform team; exploring automation.,CTO in Software,High,Emailed,Boost NovaSoft's Efficiency with Automation,"Hi Aisha, I saw that NovaSoft is scaling its platform team and exploring automation. Our platform saves teams 6-10 hrs/week. Let's discuss how it can help you. Interested in a 15-min chat?",90,interested,2025-09-03T05:51:07.640417Z
Jamal,Uddin,jamal.uddin@example.com,GreenGrid,Ops Manager,https://www.linkedin.com/in/jamaluddin,Manual workflows cause delays.,Operations Manager in Energy,Medium,Emailed,Streamline GreenGrid's Workflows,"Hi Jamal, I noticed manual workflows are causing delays at GreenGrid. Our automation platform can help. Let's talk about how to save your team 6-10 hrs/week. Available for a quick call?",60,follow-up later,2025-09-03T05:51:07.640417Z
Sara,Ahmed,sara.ahmed@example.com,Finlytics,Head of Data,https://www.linkedin.com/in/saraahmed,Data pipeline reliability focus.,Head of Data in Finance,High,Emailed,Reliable Data Pipelines for Finlytics,"Hi Sara, focusing on data pipeline reliability is crucial. Our automation platform ensures consistency and saves teams 6-10 hrs/week. Interested in exploring how it can benefit Finlytics? Let's chat.",85,interested,2025-09-03T05:51:07.640417Z
Liam,Chen,liam.chen@example.com,EduPro,VP Engineering,https://www.linkedin.com/in/liamchen,Wants faster release cycles.,VP Engineering in Education,High,Emailed,Faster Release Cycles for EduPro,"Hi Liam, I see you're looking for faster release cycles at EduPro. Our automation platform can help achieve that and save your team 6-10 hrs/week. Let's discuss further in a 15-min call.",92,interested,2025-09-03T05:51:07.640417Z
Meera,Patel,meera.patel@example.com,HealthHub,Product Manager,https://www.linkedin.com/in/meerapatel,Evaluating vendor options.,Product Manager in Healthcare,Medium,Emailed,Evaluating Vendors for HealthHub,"Hi Meera, as you're evaluating vendor options for HealthHub, consider our lightweight automation platform that saves teams 6-10 hrs/week. Let's talk about how it fits your needs.",70,follow-up later,2025-09-03T05:51:07.640417Z
Omar,Faruk,omar.faruk@example.com,RetailX,IT Director,https://www.linkedin.com/in/omarfaruk,Legacy systems migration.,IT Director in Retail,Low,Emailed,Legacy System Migration for RetailX,"Hi Omar, migrating legacy systems at RetailX is a significant task. Our automation platform might help streamline processes, saving 6-10 hrs/week. Worth exploring further?",40,not a fit,2025-09-03T05:51:07.640417Z
Emily,Zhao,emily.zhao@example.com,CloudForge,DevOps Lead,https://www.linkedin.com/in/emilyzhao,Seeking CI/CD improvements.,DevOps Lead in Cloud Services,High,Emailed,CI/CD Improvements for CloudForge,"Hi Emily, seeking CI/CD improvements at CloudForge? Our automation platform enhances these processes and saves teams 6-10 hrs/week. Let's discuss how it can benefit your team.",95,interested,2025-09-03T05:51:07.640417Z
Noah,Khan,noah.khan@example.com,PayFlex,Engineering Manager,https://www.linkedin.com/in/noahkhan,Wants observability tooling.,Engineering Manager in Fintech,Medium,Emailed,Observability Tooling for PayFlex,"Hi Noah, I see you're interested in observability tooling for PayFlex. Our automation platform offers insights and saves teams 6-10 hrs/week. Worth a conversation?",65,follow-up later,2025-09-03T05:51:07.640417Z
Amina,Siddique,amina.siddique@example.com,AgriNext,COO,https://www.linkedin.com/in/aminasiddique,Expansion in SE Asia.,COO in Agriculture,Low,Emailed,Expansion Strategies for AgriNext,"Hi Amina, as AgriNext expands in SE Asia, consider our automation platform to streamline operations and save 6-10 hrs/week. Let's explore how it can support your growth.",50,not a fit,2025-09-03T05:51:07.640417Z
Hasan,Karim,hasan.karim@example.com,MediCore,CTO,https://www.linkedin.com/in/hasankarim,Compliance-heavy workflows.,CTO in Healthcare,High,Emailed,Compliance-Ready Automation for MediCore,"Hi Hasan, managing compliance-heavy workflows at MediCore is challenging. Our automation platform is designed to help, saving teams 6-10 hrs/week. Let's discuss a tailored solution.",88,interested,2025-09-03T05:51:07.640417Z
Nadia,Rahim,nadia.rahim@example.com,TravelLite,Head of Ops,https://www.linkedin.com/in/nadiarahim,Seasonal spikes.,Head of Ops at TravelTech,High,Emailed,Optimize Seasonal Spikes with Automation,"Hi Nadia, I saw that TravelLite experiences seasonal spikes. Our platform can help save 6-10 hrs/week. Let's discuss how to optimize your operations. Can we schedule a 15-min call?",85,interested,2025-09-03T05:51:07.640417Z
Yusuf,Ali,yusuf.ali@example.com,BuildMate,CIO,https://www.linkedin.com/in/yusufali,Field coordination issues.,CIO in ConstructionTech,Medium,Emailed,Streamline Field Coordination with Automation,"Hi Yusuf, I understand BuildMate faces field coordination issues. Our automation platform can help. Let's explore how to improve your workflows. Can we schedule a 15-min call?",60,follow-up later,2025-09-03T05:51:07.640417Z
Olivia,Park,olivia.park@example.com,ShopZen,Growth Lead,https://www.linkedin.com/in/oliviapark,Cart abandonment focus.,Growth Lead at E-commerce,High,Emailed,Reduce Cart Abandonment with Automation,"Hi Olivia, I saw that ShopZen focuses on cart abandonment. Our platform can help save 6-10 hrs/week. Let's discuss how to optimize your growth strategies. Can we schedule a 15-min call?",80,interested,2025-09-03T05:51:07.640417Z
Arif,Chowdhury,arif.chowdhury@example.com,LogiChain,Head of IT,https://www.linkedin.com/in/arifchowdhury,Routing optimization.,Head of IT in Logistics,Medium,Emailed,Improve Routing Optimization with Automation,"Hi Arif, I understand LogiChain faces routing optimization challenges. Our automation platform can help. Let's explore how to improve your logistics. Can we schedule a 15-min call?",65,follow-up later,2025-09-03T05:51:07.640417Z
Priya,Das,priya.das@example.com,SmartCity,Program Manager,https://www.linkedin.com/in/priyadas,RFP soon; budget tight.,Program Manager at Smart City,Low,Emailed,Explore Automation Solutions for SmartCity,"Hi Priya, I saw that SmartCity has an RFP soon. Our platform can help save 6-10 hrs/week. Let's discuss how to optimize your operations. Can we schedule a 15-min call?",40,not a fit,2025-09-03T05:51:07.640417Z
Zara,Noor,zara.noor@example.com,QuantumBI,Data Lead,https://www.linkedin.com/in/zaranoor,BI refresh planned.,Data Lead at Business Intelligence,Medium,Emailed,Enhance BI with Automation,"Hi Zara, I understand QuantumBI plans a BI refresh. Our automation platform can help. Let's explore how to improve your data workflows. Can we schedule a 15-min call?",70,follow-up later,2025-09-03T05:51:07.640417Z
Arman,Hossain,arman.hossain@example.com,MetroBank,VP Ops,https://www.linkedin.com/in/armanhossain,Risk-controlled automation.,VP Ops at Banking,High,Emailed,Risk-Controlled Automation for MetroBank,"Hi Arman, I saw that MetroBank requires risk-controlled automation. Our platform can help save 6-10 hrs/week. Let's discuss how to optimize your operations. Can we schedule a 15-min call?",90,interested,2025-09-03T05:51:07.640417Z
Sophia,Lee,sophia.lee@example.com,FoodFlow,Ops Director,https://www.linkedin.com/in/sophialee,SKU complexity.,Ops Director at Food Processing,Medium,Emailed,Simplify SKU Management with Automation,"Hi Sophia, I understand FoodFlow faces SKU complexity. Our automation platform can help. Let's explore how to improve your operations. Can we schedule a 15-min call?",75,follow-up later,2025-09-03T05:51:07.640417Z
Ibrahim,Akter,ibrahim.akter@example.com,BuildOps,CTO,https://www.linkedin.com/in/ibrahimakter,Ok with pilots.,CTO in Construction,High,Emailed,Pilot Automation Solutions for BuildOps,"Hi Ibrahim, I saw that BuildOps is open to pilots. Our platform can help save 6-10 hrs/week. Let's discuss how to optimize your operations. Can we schedule a 15-min call?",95,interested,2025-09-03T05:51:07.640417Z
Fatima,Chowdhury,fatima.chowdhury@example.com,MedAssist,Head of Product,https://www.linkedin.com/in/fatimachowdhury,Clinical workflows.,Head of Product at Healthcare,Medium,Emailed,Streamline Clinical Workflows with Automation,"Hi Fatima, I understand MedAssist focuses on clinical workflows. Our automation platform can help. Let's explore how to improve your product development. Can we schedule a 15-min call?",80,follow-up later,2025-09-03T05:51:07.640417Z
Rafi,Hasan,rafi.hasan@example.com,EduNext,Dean Tech,https://www.linkedin.com/in/rafihasan,Budget approval pending.,Dean of Technology at EduNext,Medium,Emailed,Boost Efficiency at EduNext with Automation,"Hi Rafi, I saw that budget approval is pending. Our platform can save teams 6-10 hrs/week. Let's discuss how it can benefit EduNext. Interested in a 15-min chat?",60,follow-up later,2025-09-03T05:51:07.640417Z
Israt,Jahan,israt.jahan@example.com,TransRoute,Ops Lead,https://www.linkedin.com/in/isratjahan,Dispatch efficiency.,Operations Lead at TransRoute,High,Emailed,Streamline Dispatch with Automation at TransRoute,"Hi Israt, I noticed dispatch efficiency is a priority. Our automation platform can help. Let's schedule a 15-min call to explore how it can benefit TransRoute.",80,interested,2025-09-03T05:51:07.640417Z
Jason,Roy,jason.roy@example.com,Insurely,CISO,https://www.linkedin.com/in/jasonroy,Security automation.,CISO at Insurely,High,Emailed,Enhance Security Automation at Insurely,"Hi Jason, security automation is crucial. Our platform can save teams 6-10 hrs/week. Let's discuss how it can enhance Insurely's security. Available for a 15-min chat?",85,interested,2025-09-03T05:51:07.640417Z
Maya,Singh,maya.singh@example.com,Farmlytics,Head of Data,https://www.linkedin.com/in/mayasingh,Sensing + analytics.,Head of Data at Farmlytics,Medium,Emailed,Unlock Efficiency in Sensing and Analytics at Farmlytics,"Hi Maya, our automation platform can optimize sensing and analytics. Interested in exploring how it can benefit Farmlytics? Let's schedule a 15-min call.",70,follow-up later,2025-09-03T05:51:07.640417Z
Ethan,Cole,ethan.cole@example.com,NeoCloud,Platform Lead,https://www.linkedin.com/in/ethancole,K8s cost control.,Platform Lead at NeoCloud,High,Emailed,Optimize K8s Cost Control at NeoCloud,"Hi Ethan, K8s cost control is a challenge. Our platform can help save teams 6-10 hrs/week. Let's discuss how it can benefit NeoCloud. Available for a 15-min chat?",90,interested,2025-09-03T05:51:07.640417Z
